Amostra;NAME;Dataset;Caracteristicas_grupo;Grupo_Etario;Tratamento;Tecido_Origem;Sujeito_ID;Biopsia_Timepoint;Condicao_Atividade;Momento_Treino_Cruzado
GSE277819_BD_102;GSE277819_BD_102;GSE277819;Serie_unica;Idoso;;Tecido Muscular;GSE277819_102;;;
GSE277819_BD_104;GSE277819_BD_104;GSE277819;quatro_series;Idoso;;Tecido Muscular;GSE277819_104;;;1
GSE277819_BD_105;GSE277819_BD_105;GSE277819;quatro_series;Idoso;;Tecido Muscular;GSE277819_105;;;1
GSE277819_BD_106;GSE277819_BD_106;GSE277819;quatro_series;Idoso;;Tecido Muscular;GSE277819_106;;;1
GSE277819_BD_107;GSE277819_BD_107;GSE277819;quatro_series;Idoso;;Tecido Muscular;GSE277819_107;;;1
GSE277819_BD_110;GSE277819_BD_110;GSE277819;Serie_unica;Idoso;;Tecido Muscular;GSE277819_110;;;
GSE277819_BD_114;GSE277819_BD_114;GSE277819;quatro_series;Idoso;;Tecido Muscular;GSE277819_114;;;1
GSE277819_BD_12;GSE277819_BD_12;GSE277819;quatro_series;Idoso;;Tecido Muscular;GSE277819_12;;;1
GSE277819_BD_17;GSE277819_BD_17;GSE277819;Serie_unica;Idoso;;Tecido Muscular;GSE277819_17;;;
GSE277819_BD_27;GSE277819_BD_27;GSE277819;quatro_series;Idoso;;Tecido Muscular;GSE277819_27;;;1
GSE277819_BD_30;GSE277819_BD_30;GSE277819;Serie_unica;Idoso;;Tecido Muscular;GSE277819_30;;;
GSE277819_BD_32;GSE277819_BD_32;GSE277819;quatro_series;Idoso;;Tecido Muscular;GSE277819_32;;;1
GSE277819_BD_35;GSE277819_BD_35;GSE277819;quatro_series;Idoso;;Tecido Muscular;GSE277819_35;;;1
GSE277819_BD_36;GSE277819_BD_36;GSE277819;Serie_unica;Idoso;;Tecido Muscular;GSE277819_36;;;
GSE277819_BD_38;GSE277819_BD_38;GSE277819;quatro_series;Idoso;;Tecido Muscular;GSE277819_38;;;1
GSE277819_BD_50;GSE277819_BD_50;GSE277819;Serie_unica;Idoso;;Tecido Muscular;GSE277819_50;;;
GSE277819_BD_59;GSE277819_BD_59;GSE277819;Serie_unica;Idoso;;Tecido Muscular;GSE277819_59;;;
GSE277819_BD_5;GSE277819_BD_5;GSE277819;quatro_series;Idoso;;Tecido Muscular;GSE277819_5;;;1
GSE277819_BD_6;GSE277819_BD_6;GSE277819;quatro_series;Idoso;;Tecido Muscular;GSE277819_6;;;1
GSE277819_BD_76;GSE277819_BD_76;GSE277819;quatro_series;Idoso;;Tecido Muscular;GSE277819_76;;;1
GSE277819_BD_77;GSE277819_BD_77;GSE277819;quatro_series;Idoso;;Tecido Muscular;GSE277819_77;;;1
GSE277819_BD_80;GSE277819_BD_80;GSE277819;Serie_unica;Idoso;;Tecido Muscular;GSE277819_80;;;
GSE277819_BD_86;GSE277819_BD_86;GSE277819;quatro_series;Idoso;;Tecido Muscular;GSE277819_86;;;1
GSE277819_BD_90;GSE277819_BD_90;GSE277819;quatro_series;Idoso;;Tecido Muscular;GSE277819_90;;;1
GSE277819_BD_94;GSE277819_BD_94;GSE277819;Serie_unica;Idoso;;Tecido Muscular;GSE277819_94;;;
GSE277819_BD_97;GSE277819_BD_97;GSE277819;Serie_unica;Idoso;;Tecido Muscular;GSE277819_97;;;
GSE277819_BD_98;GSE277819_BD_98;GSE277819;quatro_series;Idoso;;Tecido Muscular;GSE277819_98;;;1
GSE277819_BE_102;GSE277819_BE_102;GSE277819;quatro_series;Idoso;;Tecido Muscular;GSE277819_102;;;1
GSE277819_BE_104;GSE277819_BE_104;GSE277819;Serie_unica;Idoso;;Tecido Muscular;GSE277819_104;;;
GSE277819_BE_105;GSE277819_BE_105;GSE277819;Serie_unica;Idoso;;Tecido Muscular;GSE277819_105;;;
GSE277819_BE_106;GSE277819_BE_106;GSE277819;Serie_unica;Idoso;;Tecido Muscular;GSE277819_106;;;
GSE277819_BE_107;GSE277819_BE_107;GSE277819;Serie_unica;Idoso;;Tecido Muscular;GSE277819_107;;;
GSE277819_BE_110;GSE277819_BE_110;GSE277819;quatro_series;Idoso;;Tecido Muscular;GSE277819_110;;;1
GSE277819_BE_114;GSE277819_BE_114;GSE277819;Serie_unica;Idoso;;Tecido Muscular;GSE277819_114;;;
GSE277819_BE_12;GSE277819_BE_12;GSE277819;Serie_unica;Idoso;;Tecido Muscular;GSE277819_12;;;
GSE277819_BE_17;GSE277819_BE_17;GSE277819;quatro_series;Idoso;;Tecido Muscular;GSE277819_17;;;1
GSE277819_BE_27;GSE277819_BE_27;GSE277819;Serie_unica;Idoso;;Tecido Muscular;GSE277819_27;;;
GSE277819_BE_30;GSE277819_BE_30;GSE277819;quatro_series;Idoso;;Tecido Muscular;GSE277819_30;;;1
GSE277819_BE_32;GSE277819_BE_32;GSE277819;Serie_unica;Idoso;;Tecido Muscular;GSE277819_32;;;
GSE277819_BE_35;GSE277819_BE_35;GSE277819;Serie_unica;Idoso;;Tecido Muscular;GSE277819_35;;;
GSE277819_BE_36;GSE277819_BE_36;GSE277819;quatro_series;Idoso;;Tecido Muscular;GSE277819_36;;;1
GSE277819_BE_38;GSE277819_BE_38;GSE277819;Serie_unica;Idoso;;Tecido Muscular;GSE277819_38;;;
GSE277819_BE_50;GSE277819_BE_50;GSE277819;quatro_series;Idoso;;Tecido Muscular;GSE277819_50;;;1
GSE277819_BE_59;GSE277819_BE_59;GSE277819;quatro_series;Idoso;;Tecido Muscular;GSE277819_59;;;1
GSE277819_BE_5;GSE277819_BE_5;GSE277819;Serie_unica;Idoso;;Tecido Muscular;GSE277819_5;;;
GSE277819_BE_6;GSE277819_BE_6;GSE277819;Serie_unica;Idoso;;Tecido Muscular;GSE277819_6;;;
GSE277819_BE_76;GSE277819_BE_76;GSE277819;Serie_unica;Idoso;;Tecido Muscular;GSE277819_76;;;
GSE277819_BE_77;GSE277819_BE_77;GSE277819;Serie_unica;Idoso;;Tecido Muscular;GSE277819_77;;;
GSE277819_BE_80;GSE277819_BE_80;GSE277819;quatro_series;Idoso;;Tecido Muscular;GSE277819_80;;;1
GSE277819_BE_86;GSE277819_BE_86;GSE277819;Serie_unica;Idoso;;Tecido Muscular;GSE277819_86;;;
GSE277819_BE_90;GSE277819_BE_90;GSE277819;Serie_unica;Idoso;;Tecido Muscular;GSE277819_90;;;
GSE277819_BE_94;GSE277819_BE_94;GSE277819;quatro_series;Idoso;;Tecido Muscular;GSE277819_94;;;1
GSE277819_BE_97;GSE277819_BE_97;GSE277819;quatro_series;Idoso;;Tecido Muscular;GSE277819_97;;;1
GSE277819_BE_98;GSE277819_BE_98;GSE277819;Serie_unica;Idoso;;Tecido Muscular;GSE277819_98;;;
GSE277819_A_102;GSE277819_A_102;GSE277819;Pre_treino;Idoso;;Tecido Muscular;GSE277819_102;;;0
GSE277819_A_104;GSE277819_A_104;GSE277819;Pre_treino;Idoso;;Tecido Muscular;GSE277819_104;;;0
GSE277819_A_105;GSE277819_A_105;GSE277819;Pre_treino;Idoso;;Tecido Muscular;GSE277819_105;;;0
GSE277819_A_106;GSE277819_A_106;GSE277819;Pre_treino;Idoso;;Tecido Muscular;GSE277819_106;;;0
GSE277819_A_107;GSE277819_A_107;GSE277819;Pre_treino;Idoso;;Tecido Muscular;GSE277819_107;;;0
GSE277819_A_110;GSE277819_A_110;GSE277819;Pre_treino;Idoso;;Tecido Muscular;GSE277819_110;;;0
GSE277819_A_114;GSE277819_A_114;GSE277819;Pre_treino;Idoso;;Tecido Muscular;GSE277819_114;;;0
GSE277819_A_12;GSE277819_A_12;GSE277819;Pre_treino;Idoso;;Tecido Muscular;GSE277819_12;;;0
GSE277819_A_17;GSE277819_A_17;GSE277819;Pre_treino;Idoso;;Tecido Muscular;GSE277819_17;;;0
GSE277819_A_27;GSE277819_A_27;GSE277819;Pre_treino;Idoso;;Tecido Muscular;GSE277819_27;;;0
GSE277819_A_30;GSE277819_A_30;GSE277819;Pre_treino;Idoso;;Tecido Muscular;GSE277819_30;;;0
GSE277819_A_32;GSE277819_A_32;GSE277819;Pre_treino;Idoso;;Tecido Muscular;GSE277819_32;;;0
GSE277819_A_35;GSE277819_A_35;GSE277819;Pre_treino;Idoso;;Tecido Muscular;GSE277819_35;;;0
GSE277819_A_36;GSE277819_A_36;GSE277819;Pre_treino;Idoso;;Tecido Muscular;GSE277819_36;;;0
GSE277819_A_38;GSE277819_A_38;GSE277819;Pre_treino;Idoso;;Tecido Muscular;GSE277819_38;;;0
GSE277819_A_50;GSE277819_A_50;GSE277819;Pre_treino;Idoso;;Tecido Muscular;GSE277819_50;;;0
GSE277819_A_59;GSE277819_A_59;GSE277819;Pre_treino;Idoso;;Tecido Muscular;GSE277819_59;;;0
GSE277819_A_5;GSE277819_A_5;GSE277819;Pre_treino;Idoso;;Tecido Muscular;GSE277819_5;;;0
GSE277819_A_6;GSE277819_A_6;GSE277819;Pre_treino;Idoso;;Tecido Muscular;GSE277819_6;;;0
GSE277819_A_76;GSE277819_A_76;GSE277819;Pre_treino;Idoso;;Tecido Muscular;GSE277819_76;;;0
GSE277819_A_77;GSE277819_A_77;GSE277819;Pre_treino;Idoso;;Tecido Muscular;GSE277819_77;;;0
GSE277819_A_80;GSE277819_A_80;GSE277819;Pre_treino;Idoso;;Tecido Muscular;GSE277819_80;;;0
GSE277819_A_86;GSE277819_A_86;GSE277819;Pre_treino;Idoso;;Tecido Muscular;GSE277819_86;;;0
GSE277819_A_90;GSE277819_A_90;GSE277819;Pre_treino;Idoso;;Tecido Muscular;GSE277819_90;;;0
GSE277819_A_94;GSE277819_A_94;GSE277819;Pre_treino;Idoso;;Tecido Muscular;GSE277819_94;;;0
GSE277819_A_97;GSE277819_A_97;GSE277819;Pre_treino;Idoso;;Tecido Muscular;GSE277819_97;;;0
GSE277819_A_98;GSE277819_A_98;GSE277819;Pre_treino;Idoso;;Tecido Muscular;GSE277819_98;;;0
GSE157585_GSM4771046;GSE157585_GSM4771046;GSE157585;Placebo_Resistido;Idoso;Placebo;Tecido Muscular;GSE157585_001;1;;0
GSE157585_GSM4771047;GSE157585_GSM4771047;GSE157585;Placebo_Resistido;Idoso;Placebo;Tecido Muscular;GSE157585_008;1;;0
GSE157585_GSM4771048;GSE157585_GSM4771048;GSE157585;Placebo_Resistido;Idoso;Placebo;Tecido Muscular;GSE157585_012;1;;0
GSE157585_GSM4771049;GSE157585_GSM4771049;GSE157585;Placebo_Resistido;Idoso;Placebo;Tecido Muscular;GSE157585_012;3;;1
GSE157585_GSM4771050;GSE157585_GSM4771050;GSE157585;Placebo_Resistido;Idoso;Placebo;Tecido Muscular;GSE157585_013;1;;0
GSE157585_GSM4771051;GSE157585_GSM4771051;GSE157585;Placebo_Resistido;Idoso;Placebo;Tecido Muscular;GSE157585_013;3;;1
GSE157585_GSM4771052;GSE157585_GSM4771052;GSE157585;Metformina_Resistido;Idoso;Placebo;Tecido Muscular;GSE157585_015;1;;0
GSE157585_GSM4771053;GSE157585_GSM4771053;GSE157585;Metformina_Resistido;Idoso;Metformina;Tecido Muscular;GSE157585_018;1;;0
GSE157585_GSM4771054;GSE157585_GSM4771054;GSE157585;Placebo_Resistido;Idoso;Metformina;Tecido Muscular;GSE157585_018;3;;1
GSE157585_GSM4771055;GSE157585_GSM4771055;GSE157585;Placebo_Resistido;Idoso;Placebo;Tecido Muscular;GSE157585_042;3;;1
GSE157585_GSM4771056;GSE157585_GSM4771056;GSE157585;Placebo_Resistido;Idoso;Placebo;Tecido Muscular;GSE157585_048;1;;0
GSE157585_GSM4771057;GSE157585_GSM4771057;GSE157585;Metformina_Resistido;Idoso;Placebo;Tecido Muscular;GSE157585_048;3;;1
GSE157585_GSM4771058;GSE157585_GSM4771058;GSE157585;Metformina_Resistido;Idoso;Metformina;Tecido Muscular;GSE157585_063;1;;0
GSE157585_GSM4771059;GSE157585_GSM4771059;GSE157585;Metformina_Resistido;Idoso;Metformina;Tecido Muscular;GSE157585_063;3;;1
GSE157585_GSM4771060;GSE157585_GSM4771060;GSE157585;Metformina_Resistido;Idoso;Metformina;Tecido Muscular;GSE157585_065;1;;0
GSE157585_GSM4771061;GSE157585_GSM4771061;GSE157585;Placebo_Resistido;Idoso;Metformina;Tecido Muscular;GSE157585_065;3;;1
GSE157585_GSM4771062;GSE157585_GSM4771062;GSE157585;Placebo_Resistido;Idoso;Placebo;Tecido Muscular;GSE157585_080;1;;0
GSE157585_GSM4771063;GSE157585_GSM4771063;GSE157585;Placebo_Resistido;Idoso;Placebo;Tecido Muscular;GSE157585_080;3;;1
GSE157585_GSM4771064;GSE157585_GSM4771064;GSE157585;Placebo_Resistido;Idoso;Placebo;Tecido Muscular;GSE157585_081;1;;0
GSE157585_GSM4771065;GSE157585_GSM4771065;GSE157585;Placebo_Resistido;Idoso;Placebo;Tecido Muscular;GSE157585_081;3;;1
GSE157585_GSM4771066;GSE157585_GSM4771066;GSE157585;Placebo_Resistido;Idoso;Placebo;Tecido Muscular;GSE157585_086;1;;0
GSE157585_GSM4771067;GSE157585_GSM4771067;GSE157585;Placebo_Resistido;Idoso;Placebo;Tecido Muscular;GSE157585_086;3;;1
GSE157585_GSM4771068;GSE157585_GSM4771068;GSE157585;Metformina_Resistido;Idoso;Placebo;Tecido Muscular;GSE157585_102;1;;0
GSE157585_GSM4771069;GSE157585_GSM4771069;GSE157585;Metformina_Resistido;Idoso;Metformina;Tecido Muscular;GSE157585_157;1;;0
GSE157585_GSM4771070;GSE157585_GSM4771070;GSE157585;Metformina_Resistido;Idoso;Metformina;Tecido Muscular;GSE157585_157;3;;1
GSE157585_GSM4771071;GSE157585_GSM4771071;GSE157585;Metformina_Resistido;Idoso;Metformina;Tecido Muscular;GSE157585_159;1;;0
GSE157585_GSM4771072;GSE157585_GSM4771072;GSE157585;Placebo_Resistido;Idoso;Metformina;Tecido Muscular;GSE157585_159;3;;1
GSE157585_GSM4771073;GSE157585_GSM4771073;GSE157585;Placebo_Resistido;Idoso;Placebo;Tecido Muscular;GSE157585_169;1;;0
GSE157585_GSM4771074;GSE157585_GSM4771074;GSE157585;Placebo_Resistido;Idoso;Placebo;Tecido Muscular;GSE157585_198;1;;0
GSE157585_GSM4771075;GSE157585_GSM4771075;GSE157585;Metformina_Resistido;Idoso;Placebo;Tecido Muscular;GSE157585_206;1;;0
GSE157585_GSM4771076;GSE157585_GSM4771076;GSE157585;Metformina_Resistido;Idoso;Metformina;Tecido Muscular;GSE157585_240;1;;0
GSE157585_GSM4771077;GSE157585_GSM4771077;GSE157585;Placebo_Resistido;Idoso;Metformina;Tecido Muscular;GSE157585_240;3;;1
GSE157585_GSM4771078;GSE157585_GSM4771078;GSE157585;Placebo_Resistido;Idoso;Placebo;Tecido Muscular;GSE157585_269;3;;1
GSE157585_GSM4771079;GSE157585_GSM4771079;GSE157585;Placebo_Resistido;Idoso;Placebo;Tecido Muscular;GSE157585_270;1;;0
GSE157585_GSM4771080;GSE157585_GSM4771080;GSE157585;Placebo_Resistido;Idoso;Placebo;Tecido Muscular;GSE157585_284;1;;0
GSE157585_GSM4771081;GSE157585_GSM4771081;GSE157585;Metformina_Resistido;Idoso;Placebo;Tecido Muscular;GSE157585_284;3;;1
GSE157585_GSM4771082;GSE157585_GSM4771082;GSE157585;Metformina_Resistido;Idoso;Metformina;Tecido Muscular;GSE157585_302;1;;0
GSE157585_GSM4771083;GSE157585_GSM4771083;GSE157585;Placebo_Resistido;Idoso;Metformina;Tecido Muscular;GSE157585_302;3;;1
GSE157585_GSM4771084;GSE157585_GSM4771084;GSE157585;Metformina_Resistido;Idoso;Placebo;Tecido Muscular;GSE157585_329;1;;0
GSE157585_GSM4771085;GSE157585_GSM4771085;GSE157585;Metformina_Resistido;Idoso;Metformina;Tecido Muscular;GSE157585_334;1;;0
GSE157585_GSM4771086;GSE157585_GSM4771086;GSE157585;Placebo_Resistido;Idoso;Metformina;Tecido Muscular;GSE157585_334;3;;1
GSE157585_GSM4771087;GSE157585_GSM4771087;GSE157585;Metformina_Resistido;Idoso;Placebo;Tecido Muscular;GSE157585_364;1;;0
GSE157585_GSM4771088;GSE157585_GSM4771088;GSE157585;Metformina_Resistido;Idoso;Metformina;Tecido Muscular;GSE157585_367;1;;0
GSE157585_GSM4771089;GSE157585_GSM4771089;GSE157585;Metformina_Resistido;Idoso;Metformina;Tecido Muscular;GSE157585_392;1;;0
GSE157585_GSM4771090;GSE157585_GSM4771090;GSE157585;Placebo_Resistido;Idoso;Metformina;Tecido Muscular;GSE157585_392;3;;1
GSE157585_GSM4771091;GSE157585_GSM4771091;GSE157585;Placebo_Resistido;Idoso;Placebo;Tecido Muscular;GSE157585_394;1;;0
GSE157585_GSM4771092;GSE157585_GSM4771092;GSE157585;Placebo_Resistido;Idoso;Placebo;Tecido Muscular;GSE157585_394;3;;1
GSE157585_GSM4771093;GSE157585_GSM4771093;GSE157585;Placebo_Resistido;Idoso;Placebo;Tecido Muscular;GSE157585_410;1;;0
GSE157585_GSM4771094;GSE157585_GSM4771094;GSE157585;Placebo_Resistido;Idoso;Placebo;Tecido Muscular;GSE157585_410;3;;1
GSE157585_GSM4771095;GSE157585_GSM4771095;GSE157585;Placebo_Resistido;Idoso;Placebo;Tecido Muscular;GSE157585_412;1;;0
GSE157585_GSM4771096;GSE157585_GSM4771096;GSE157585;Placebo_Resistido;Idoso;Placebo;Tecido Muscular;GSE157585_412;3;;1
GSE157585_GSM4771097;GSE157585_GSM4771097;GSE157585;Placebo_Resistido;Idoso;Placebo;Tecido Muscular;GSE157585_413;1;;0
GSE157585_GSM4771098;GSE157585_GSM4771098;GSE157585;Metformina_Resistido;Idoso;Placebo;Tecido Muscular;GSE157585_413;3;;1
GSE157585_GSM4771099;GSE157585_GSM4771099;GSE157585;Metformina_Resistido;Idoso;Metformina;Tecido Muscular;GSE157585_427;1;;0
GSE157585_GSM4771100;GSE157585_GSM4771100;GSE157585;Placebo_Resistido;Idoso;Metformina;Tecido Muscular;GSE157585_427;3;;1
GSE157585_GSM4771101;GSE157585_GSM4771101;GSE157585;Metformina_Resistido;Idoso;Placebo;Tecido Muscular;GSE157585_450;1;;0
GSE157585_GSM4771102;GSE157585_GSM4771102;GSE157585;Metformina_Resistido;Idoso;Metformina;Tecido Muscular;GSE157585_454;1;;0
GSE157585_GSM4771103;GSE157585_GSM4771103;GSE157585;Metformina_Resistido;Idoso;Metformina;Tecido Muscular;GSE157585_454;3;;1
GSE157585_GSM4771104;GSE157585_GSM4771104;GSE157585;Metformina_Resistido;Idoso;Metformina;Tecido Muscular;GSE157585_460;1;;0
GSE157585_GSM4771105;GSE157585_GSM4771105;GSE157585;Placebo_Resistido;Idoso;Metformina;Tecido Muscular;GSE157585_460;3;;1
GSE157585_GSM4771106;GSE157585_GSM4771106;GSE157585;Placebo_Resistido;Idoso;Placebo;Tecido Muscular;GSE157585_464;1;;0
GSE157585_GSM4771107;GSE157585_GSM4771107;GSE157585;Metformina_Resistido;Idoso;Placebo;Tecido Muscular;GSE157585_464;3;;1
GSE157585_GSM4771108;GSE157585_GSM4771108;GSE157585;Metformina_Resistido;Idoso;Metformina;Tecido Muscular;GSE157585_10;1;;0
GSE157585_GSM4771109;GSE157585_GSM4771109;GSE157585;Placebo_Resistido;Idoso;Metformina;Tecido Muscular;GSE157585_10;3;;1
GSE157585_GSM4771110;GSE157585_GSM4771110;GSE157585;Placebo_Resistido;Idoso;Placebo;Tecido Muscular;GSE157585_11;1;;0
GSE157585_GSM4771111;GSE157585_GSM4771111;GSE157585;Placebo_Resistido;Idoso;Placebo;Tecido Muscular;GSE157585_11;3;;1
GSE157585_GSM4771112;GSE157585_GSM4771112;GSE157585;Placebo_Resistido;Idoso;Placebo;Tecido Muscular;GSE157585_1;1;;0
GSE157585_GSM4771113;GSE157585_GSM4771113;GSE157585;Placebo_Resistido;Idoso;Placebo;Tecido Muscular;GSE157585_12;1;;0
GSE157585_GSM4771114;GSE157585_GSM4771114;GSE157585;Metformina_Resistido;Idoso;Placebo;Tecido Muscular;GSE157585_12;3;;1
GSE157585_GSM4771115;GSE157585_GSM4771115;GSE157585;Metformina_Resistido;Idoso;Metformina;Tecido Muscular;GSE157585_13;1;;0
GSE157585_GSM4771116;GSE157585_GSM4771116;GSE157585;Placebo_Resistido;Idoso;Metformina;Tecido Muscular;GSE157585_13;3;;1
GSE157585_GSM4771117;GSE157585_GSM4771117;GSE157585;Metformina_Resistido;Idoso;Placebo;Tecido Muscular;GSE157585_1;3;;1
GSE157585_GSM4771118;GSE157585_GSM4771118;GSE157585;Metformina_Resistido;Idoso;Metformina;Tecido Muscular;GSE157585_14;1;;0
GSE157585_GSM4771119;GSE157585_GSM4771119;GSE157585;Metformina_Resistido;Idoso;Metformina;Tecido Muscular;GSE157585_14;3;;1
GSE157585_GSM4771120;GSE157585_GSM4771120;GSE157585;Placebo_Resistido;Idoso;Metformina;Tecido Muscular;GSE157585_16;3;;1
GSE157585_GSM4771121;GSE157585_GSM4771121;GSE157585;Placebo_Resistido;Idoso;Placebo;Tecido Muscular;GSE157585_17;1;;0
GSE157585_GSM4771122;GSE157585_GSM4771122;GSE157585;Placebo_Resistido;Idoso;Placebo;Tecido Muscular;GSE157585_17;3;;1
GSE157585_GSM4771123;GSE157585_GSM4771123;GSE157585;Placebo_Resistido;Idoso;Placebo;Tecido Muscular;GSE157585_18;1;;0
GSE157585_GSM4771124;GSE157585_GSM4771124;GSE157585;Placebo_Resistido;Idoso;Placebo;Tecido Muscular;GSE157585_18;3;;1
GSE157585_GSM4771125;GSE157585_GSM4771125;GSE157585;Metformina_Resistido;Idoso;Placebo;Tecido Muscular;GSE157585_19;1;;0
GSE157585_GSM4771126;GSE157585_GSM4771126;GSE157585;Metformina_Resistido;Idoso;Metformina;Tecido Muscular;GSE157585_20;1;;0
GSE157585_GSM4771127;GSE157585_GSM4771127;GSE157585;Metformina_Resistido;Idoso;Metformina;Tecido Muscular;GSE157585_20;3;;1
GSE157585_GSM4771128;GSE157585_GSM4771128;GSE157585;Metformina_Resistido;Idoso;Metformina;Tecido Muscular;GSE157585_21;1;;0
GSE157585_GSM4771129;GSE157585_GSM4771129;GSE157585;Metformina_Resistido;Idoso;Metformina;Tecido Muscular;GSE157585_21;3;;1
GSE157585_GSM4771130;GSE157585_GSM4771130;GSE157585;Metformina_Resistido;Idoso;Metformina;Tecido Muscular;GSE157585_2;1;;0
GSE157585_GSM4771131;GSE157585_GSM4771131;GSE157585;Metformina_Resistido;Idoso;Metformina;Tecido Muscular;GSE157585_22;1;;0
GSE157585_GSM4771132;GSE157585_GSM4771132;GSE157585;Placebo_Resistido;Idoso;Metformina;Tecido Muscular;GSE157585_22;3;;1
GSE157585_GSM4771133;GSE157585_GSM4771133;GSE157585;Metformina_Resistido;Idoso;Placebo;Tecido Muscular;GSE157585_23;1;;0
GSE157585_GSM4771134;GSE157585_GSM4771134;GSE157585;Metformina_Resistido;Idoso;Metformina;Tecido Muscular;GSE157585_24;1;;0
GSE157585_GSM4771135;GSE157585_GSM4771135;GSE157585;Metformina_Resistido;Idoso;Metformina;Tecido Muscular;GSE157585_24;3;;1
GSE157585_GSM4771136;GSE157585_GSM4771136;GSE157585;Metformina_Resistido;Idoso;Metformina;Tecido Muscular;GSE157585_25;1;;0
GSE157585_GSM4771137;GSE157585_GSM4771137;GSE157585;Placebo_Resistido;Idoso;Metformina;Tecido Muscular;GSE157585_25;3;;1
GSE157585_GSM4771138;GSE157585_GSM4771138;GSE157585;Placebo_Resistido;Idoso;Placebo;Tecido Muscular;GSE157585_26;1;;0
GSE157585_GSM4771139;GSE157585_GSM4771139;GSE157585;Placebo_Resistido;Idoso;Placebo;Tecido Muscular;GSE157585_26;3;;1
GSE157585_GSM4771140;GSE157585_GSM4771140;GSE157585;Placebo_Resistido;Idoso;Placebo;Tecido Muscular;GSE157585_27;1;;0
GSE157585_GSM4771141;GSE157585_GSM4771141;GSE157585;Placebo_Resistido;Idoso;Placebo;Tecido Muscular;GSE157585_27;3;;1
GSE157585_GSM4771142;GSE157585_GSM4771142;GSE157585;Placebo_Resistido;Idoso;Placebo;Tecido Muscular;GSE157585_29;1;;0
GSE157585_GSM4771143;GSE157585_GSM4771143;GSE157585;Metformina_Resistido;Idoso;Placebo;Tecido Muscular;GSE157585_29;3;;1
GSE157585_GSM4771144;GSE157585_GSM4771144;GSE157585;Metformina_Resistido;Idoso;Metformina;Tecido Muscular;GSE157585_30;1;;0
GSE157585_GSM4771145;GSE157585_GSM4771145;GSE157585;Placebo_Resistido;Idoso;Metformina;Tecido Muscular;GSE157585_30;3;;1
GSE157585_GSM4771146;GSE157585_GSM4771146;GSE157585;Placebo_Resistido;Idoso;Placebo;Tecido Muscular;GSE157585_31;1;;0
GSE157585_GSM4771147;GSE157585_GSM4771147;GSE157585;Metformina_Resistido;Idoso;Placebo;Tecido Muscular;GSE157585_31;3;;1
GSE157585_GSM4771148;GSE157585_GSM4771148;GSE157585;Metformina_Resistido;Idoso;Metformina;Tecido Muscular;GSE157585_3;1;;0
GSE157585_GSM4771149;GSE157585_GSM4771149;GSE157585;Metformina_Resistido;Idoso;Metformina;Tecido Muscular;GSE157585_33;1;;0
GSE157585_GSM4771150;GSE157585_GSM4771150;GSE157585;Metformina_Resistido;Idoso;Metformina;Tecido Muscular;GSE157585_33;3;;1
GSE157585_GSM4771151;GSE157585_GSM4771151;GSE157585;Placebo_Resistido;Idoso;Metformina;Tecido Muscular;GSE157585_35;1;;0
GSE157585_GSM4771152;GSE157585_GSM4771152;GSE157585;Placebo_Resistido;Idoso;Placebo;Tecido Muscular;GSE157585_36;1;;0
GSE157585_GSM4771153;GSE157585_GSM4771153;GSE157585;Placebo_Resistido;Idoso;Placebo;Tecido Muscular;GSE157585_36;3;;1
GSE157585_GSM4771154;GSE157585_GSM4771154;GSE157585;Placebo_Resistido;Idoso;Placebo;Tecido Muscular;GSE157585_37;1;;0
GSE157585_GSM4771155;GSE157585_GSM4771155;GSE157585;Placebo_Resistido;Idoso;Placebo;Tecido Muscular;GSE157585_37;3;;1
GSE157585_GSM4771156;GSE157585_GSM4771156;GSE157585;Placebo_Resistido;Idoso;Placebo;Tecido Muscular;GSE157585_38;1;;0
GSE157585_GSM4771157;GSE157585_GSM4771157;GSE157585;Metformina_Resistido;Idoso;Placebo;Tecido Muscular;GSE157585_38;3;;1
GSE157585_GSM4771158;GSE157585_GSM4771158;GSE157585;Metformina_Resistido;Idoso;Metformina;Tecido Muscular;GSE157585_41;1;;0
GSE157585_GSM4771159;GSE157585_GSM4771159;GSE157585;Metformina_Resistido;Idoso;Metformina;Tecido Muscular;GSE157585_7;1;;0
GSE157585_GSM4771160;GSE157585_GSM4771160;GSE157585;Metformina_Resistido;Idoso;Metformina;Tecido Muscular;GSE157585_7;3;;1
GSE157585_GSM4771161;GSE157585_GSM4771161;GSE157585;Jovem;Jovem adulto;;Tecido Muscular;GSE157585_Y_sCMB_101;;;
GSE157585_GSM4771162;GSE157585_GSM4771162;GSE157585;Jovem;Jovem adulto;;Tecido Muscular;GSE157585_Y_sCMB_106;;;
GSE157585_GSM4771163;GSE157585_GSM4771163;GSE157585;Jovem;Jovem adulto;;Tecido Muscular;GSE157585_Y_sCMB_107;;;
GSE157585_GSM4771164;GSE157585_GSM4771164;GSE157585;Jovem;Jovem adulto;;Tecido Muscular;GSE157585_Y_sCMB_112;;;
GSE157585_GSM4771165;GSE157585_GSM4771165;GSE157585;Jovem;Jovem adulto;;Tecido Muscular;GSE157585_Y_sCMB_116;;;
GSE157585_GSM4771166;GSE157585_GSM4771166;GSE157585;Jovem;Jovem adulto;;Tecido Muscular;GSE157585_Y_sCMB_123;;;
GSE157585_GSM4771167;GSE157585_GSM4771167;GSE157585;Jovem;Jovem adulto;;Tecido Muscular;GSE157585_Y_sCMB_18;;;
GSE157585_GSM4771168;GSE157585_GSM4771168;GSE157585;Jovem;Jovem adulto;;Tecido Muscular;GSE157585_Y_sCMB_1;;;
GSE157585_GSM4771169;GSE157585_GSM4771169;GSE157585;Jovem;Jovem adulto;;Tecido Muscular;GSE157585_Y_sCMB_20;;;
GSE157585_GSM4771170;GSE157585_GSM4771170;GSE157585;Jovem;Jovem adulto;;Tecido Muscular;GSE157585_Y_sCMB_24;;;
GSE157585_GSM4771171;GSE157585_GSM4771171;GSE157585;Jovem;Jovem adulto;;Tecido Muscular;GSE157585_Y_sCMB_56;;;
GSE157585_GSM4771172;GSE157585_GSM4771172;GSE157585;Jovem;Jovem adulto;;Tecido Muscular;GSE157585_Y_sCMB_65;;;
GSE157585_GSM4771173;GSE157585_GSM4771173;GSE157585;Jovem;Jovem adulto;;Tecido Muscular;GSE157585_Y_sCMB_71;;;
GSE157585_GSM4771174;GSE157585_GSM4771174;GSE157585;Jovem;Jovem adulto;;Tecido Muscular;GSE157585_Y_sCMB_73;;;
GSE157585_GSM4771175;GSE157585_GSM4771175;GSE157585;Jovem;Jovem adulto;;Tecido Muscular;GSE157585_Y_sCMB_79;;;
GSE157585_GSM4771176;GSE157585_GSM4771176;GSE157585;Jovem;Jovem adulto;;Tecido Muscular;GSE157585_Y_sCMB_82;;;
GSE157585_GSM4771177;GSE157585_GSM4771177;GSE157585;Jovem;Jovem adulto;;Tecido Muscular;GSE157585_Y_sCMB_83;;;
GSE157585_GSM4771178;GSE157585_GSM4771178;GSE157585;Jovem;Jovem adulto;;Tecido Muscular;GSE157585_Y_sCMB_87;;;
GSE157585_GSM4771179;GSE157585_GSM4771179;GSE157585;Jovem;Jovem adulto;;Tecido Muscular;GSE157585_Y_sCMB_90;;;
GSE157585_GSM4771180;GSE157585_GSM4771180;GSE157585;Jovem;Jovem adulto;;Tecido Muscular;GSE157585_Y_sCMB_91;;;
GSE157585_GSM4771181;GSE157585_GSM4771181;GSE157585;Jovem;Jovem adulto;;Tecido Muscular;GSE157585_Y_sCMB_99;;;
GSE305038_Inactive_I03BPOST;GSE305038_Inactive_I03BPOST;GSE305038;4h_Pos_exercicio;Jovem adulto;;Tecido Muscular;GSE305038_03;;;1
GSE305038_Inactive_I03BPRE;GSE305038_Inactive_I03BPRE;GSE305038;Pre_treino;Jovem adulto;;Tecido Muscular;GSE305038_03;;;0
GSE305038_Inactive_I04BPOST;GSE305038_Inactive_I04BPOST;GSE305038;4h_Pos_exercicio;Jovem adulto;;Tecido Muscular;GSE305038_04;;;1
GSE305038_Inactive_I04BPRE;GSE305038_Inactive_I04BPRE;GSE305038;Pre_treino;Jovem adulto;;Tecido Muscular;GSE305038_04;;;0
GSE305038_Inactive_I06BPOST;GSE305038_Inactive_I06BPOST;GSE305038;4h_Pos_exercicio;Jovem adulto;;Tecido Muscular;GSE305038_06;;;1
GSE305038_Inactive_I06BPRE;GSE305038_Inactive_I06BPRE;GSE305038;Pre_treino;Jovem adulto;;Tecido Muscular;GSE305038_06;;;0
GSE305038_Inactive_I07BPOST;GSE305038_Inactive_I07BPOST;GSE305038;4h_Pos_exercicio;Jovem adulto;;Tecido Muscular;GSE305038_07;;;1
GSE305038_Inactive_I07BPRE1;GSE305038_Inactive_I07BPRE1;GSE305038;Pre_treino;Jovem adulto;;Tecido Muscular;GSE305038_07;;;0
GSE305038_Inactive_I09BPOST;GSE305038_Inactive_I09BPOST;GSE305038;4h_Pos_exercicio;Jovem adulto;;Tecido Muscular;GSE305038_09;;;1
GSE305038_Inactive_I10BPOST;GSE305038_Inactive_I10BPOST;GSE305038;4h_Pos_exercicio;Jovem adulto;;Tecido Muscular;GSE305038_10;;;1
GSE305038_Inactive_I10BPRE;GSE305038_Inactive_I10BPRE;GSE305038;Pre_treino;Jovem adulto;;Tecido Muscular;GSE305038_10;;;0
GSE305038_Inactive_I11BPOST;GSE305038_Inactive_I11BPOST;GSE305038;4h_Pos_exercicio;Jovem adulto;;Tecido Muscular;GSE305038_11;;;1
GSE305038_Inactive_I11BPRE;GSE305038_Inactive_I11BPRE;GSE305038;Pre_treino;Jovem adulto;;Tecido Muscular;GSE305038_11;;;0
GSE305038_Normal_I02APOST;GSE305038_Normal_I02APOST;GSE305038;4h_Pos_exercicio;Jovem adulto;;Tecido Muscular;GSE305038_02;;;1
GSE305038_Normal_I02APRE;GSE305038_Normal_I02APRE;GSE305038;Pre_treino;Jovem adulto;;Tecido Muscular;GSE305038_02;;;0
GSE305038_Normal_I04APOST;GSE305038_Normal_I04APOST;GSE305038;4h_Pos_exercicio;Jovem adulto;;Tecido Muscular;GSE305038_04;;;1
GSE305038_Normal_I04APRE;GSE305038_Normal_I04APRE;GSE305038;4h_Pos_exercicio;Jovem adulto;;Tecido Muscular;GSE305038_04;;;0
GSE305038_Normal_I05APOST;GSE305038_Normal_I05APOST;GSE305038;4h_Pos_exercicio;Jovem adulto;;Tecido Muscular;GSE305038_05;;;1
GSE305038_Normal_I06APOST1;GSE305038_Normal_I06APOST1;GSE305038;4h_Pos_exercicio;Jovem adulto;;Tecido Muscular;GSE305038_06;;;1
GSE305038_Normal_I06APRE2;GSE305038_Normal_I06APRE2;GSE305038;Pre_treino;Jovem adulto;;Tecido Muscular;GSE305038_06;;;0
GSE305038_Normal_I07APRE;GSE305038_Normal_I07APRE;GSE305038;Pre_treino;Jovem adulto;;Tecido Muscular;GSE305038_07;;;0
GSE305038_Normal_I09APRE;GSE305038_Normal_I09APRE;GSE305038;Pre_treino;Jovem adulto;;Tecido Muscular;GSE305038_09;;;0
GSE305038_Normal_I10APOST;GSE305038_Normal_I10APOST;GSE305038;4h_Pos_exercicio;Jovem adulto;;Tecido Muscular;GSE305038_10;;;1
GSE305038_Normal_I10PRE;GSE305038_Normal_I10PRE;GSE305038;Pre_treino;Jovem adulto;;Tecido Muscular;GSE305038_10;;;0
GSE305038_Normal_I11APOST;GSE305038_Normal_I11APOST;GSE305038;4h_Pos_exercicio;Jovem adulto;;Tecido Muscular;GSE305038_11;;;1
GSE318937_GSM9506243;GSM9506243;GSE318937;Post24h;Jovem adulto;Oleuropeina;Tecido Muscular;GSE318937_1;;MICE;1
GSE318937_GSM9506244;GSM9506244;GSE318937;Post24h;Jovem adulto;Placebo;Tecido Muscular;GSE318937_2;;MICE;1
GSE318937_GSM9506245;GSM9506245;GSE318937;Post;Jovem adulto;Oleuropeina;Tecido Muscular;GSE318937_3;;SIE;
GSE318937_GSM9506246;GSM9506246;GSE318937;Pre;Jovem adulto;Oleuropeina;Tecido Muscular;GSE318937_4;;SIE;0
GSE318937_GSM9506247;GSM9506247;GSE318937;Post24h;Jovem adulto;Placebo;Tecido Muscular;GSE318937_5;;SIE;1
GSE318937_GSM9506248;GSM9506248;GSE318937;Post;Jovem adulto;Placebo;Tecido Muscular;GSE318937_6;;MICE;
GSE318937_GSM9506249;GSM9506249;GSE318937;Post;Jovem adulto;Oleuropeina;Tecido Muscular;GSE318937_7;;MICE;
GSE318937_GSM9506250;GSM9506250;GSE318937;Pre;Jovem adulto;Oleuropeina;Tecido Muscular;GSE318937_8;;MICE;0
GSE318937_GSM9506251;GSM9506251;GSE318937;Pre;Jovem adulto;Placebo;Tecido Muscular;GSE318937_9;;SIE;0
GSE318937_GSM9506252;GSM9506252;GSE318937;Post24h;Jovem adulto;Placebo;Tecido Muscular;GSE318937_10;;MICE;1
GSE318937_GSM9506253;GSM9506253;GSE318937;Pre;Jovem adulto;Placebo;Tecido Muscular;GSE318937_11;;MICE;0
GSE318937_GSM9506254;GSM9506254;GSE318937;Post24h;Jovem adulto;Oleuropeina;Tecido Muscular;GSE318937_12;;MICE;1
GSE318937_GSM9506255;GSM9506255;GSE318937;Post;Jovem adulto;Placebo;Tecido Muscular;GSE318937_13;;SIE;
GSE318937_GSM9506256;GSM9506256;GSE318937;Post;Jovem adulto;Oleuropeina;Tecido Muscular;GSE318937_14;;SIE;
GSE318937_GSM9506257;GSM9506257;GSE318937;Pre;Jovem adulto;Placebo;Tecido Muscular;GSE318937_15;;SIE;0
GSE318937_GSM9506258;GSM9506258;GSE318937;Post24h;Jovem adulto;Oleuropeina;Tecido Muscular;GSE318937_16;;SIE;1
GSE318937_GSM9506259;GSM9506259;GSE318937;Post24h;Jovem adulto;Placebo;Tecido Muscular;GSE318937_17;;SIE;1
GSE318937_GSM9506260;GSM9506260;GSE318937;Post;Jovem adulto;Placebo;Tecido Muscular;GSE318937_18;;MICE;
GSE318937_GSM9506261;GSM9506261;GSE318937;Post;Jovem adulto;Placebo;Tecido Muscular;GSE318937_19;;SIE;
GSE318937_GSM9506262;GSM9506262;GSE318937;Post;Jovem adulto;Oleuropeina;Tecido Muscular;GSE318937_20;;MICE;
GSE318937_GSM9506263;GSM9506263;GSE318937;Post24h;Jovem adulto;Oleuropeina;Tecido Muscular;GSE318937_21;;SIE;1
GSE318937_GSM9506264;GSM9506264;GSE318937;Pre;Jovem adulto;Oleuropeina;Tecido Muscular;GSE318937_22;;MICE;0
GSE318937_GSM9506265;GSM9506265;GSE318937;Pre;Jovem adulto;Placebo;Tecido Muscular;GSE318937_23;;MICE;0
GSE318937_GSM9506266;GSM9506266;GSE318937;Pre;Jovem adulto;Oleuropeina;Tecido Muscular;GSE318937_24;;SIE;0
GSE318937_GSM9506267;GSM9506267;GSE318937;Post;Jovem adulto;Oleuropeina;Tecido Muscular;GSE318937_25;;MICE;
GSE318937_GSM9506268;GSM9506268;GSE318937;Post;Jovem adulto;Oleuropeina;Tecido Muscular;GSE318937_26;;MICE;
GSE318937_GSM9506269;GSM9506269;GSE318937;Post24h;Jovem adulto;Oleuropeina;Tecido Muscular;GSE318937_27;;SIE;1
GSE318937_GSM9506270;GSM9506270;GSE318937;Post24h;Jovem adulto;Placebo;Tecido Muscular;GSE318937_28;;MICE;1
GSE318937_GSM9506271;GSM9506271;GSE318937;Pre;Jovem adulto;Oleuropeina;Tecido Muscular;GSE318937_29;;SIE;0
GSE318937_GSM9506272;GSM9506272;GSE318937;Post;Jovem adulto;Oleuropeina;Tecido Muscular;GSE318937_30;;SIE;
GSE318937_GSM9506273;GSM9506273;GSE318937;Pre;Jovem adulto;Placebo;Tecido Muscular;GSE318937_31;;SIE;0
GSE318937_GSM9506274;GSM9506274;GSE318937;Post24h;Jovem adulto;Placebo;Tecido Muscular;GSE318937_32;;SIE;1
GSE318937_GSM9506275;GSM9506275;GSE318937;Post;Jovem adulto;Placebo;Tecido Muscular;GSE318937_33;;MICE;
GSE318937_GSM9506276;GSM9506276;GSE318937;Post;Jovem adulto;Oleuropeina;Tecido Muscular;GSE318937_34;;SIE;
GSE318937_GSM9506277;GSM9506277;GSE318937;Post;Jovem adulto;Placebo;Tecido Muscular;GSE318937_35;;MICE;
GSE318937_GSM9506278;GSM9506278;GSE318937;Pre;Jovem adulto;Placebo;Tecido Muscular;GSE318937_36;;SIE;0
GSE318937_GSM9506279;GSM9506279;GSE318937;Pre;Jovem adulto;Placebo;Tecido Muscular;GSE318937_37;;MICE;0
GSE318937_GSM9506280;GSM9506280;GSE318937;Pre;Jovem adulto;Oleuropeina;Tecido Muscular;GSE318937_38;;MICE;0
GSE318937_GSM9506281;GSM9506281;GSE318937;Post24h;Jovem adulto;Oleuropeina;Tecido Muscular;GSE318937_39;;MICE;1
GSE318937_GSM9506282;GSM9506282;GSE318937;Post24h;Jovem adulto;Placebo;Tecido Muscular;GSE318937_40;;MICE;1
GSE318937_GSM9506283;GSM9506283;GSE318937;Post24h;Jovem adulto;Placebo;Tecido Muscular;GSE318937_41;;SIE;1
GSE318937_GSM9506284;GSM9506284;GSE318937;Post24h;Jovem adulto;Oleuropeina;Tecido Muscular;GSE318937_42;;SIE;1
GSE318937_GSM9506285;GSM9506285;GSE318937;Pre;Jovem adulto;Placebo;Tecido Muscular;GSE318937_43;;MICE;0
GSE318937_GSM9506286;GSM9506286;GSE318937;Post;Jovem adulto;Placebo;Tecido Muscular;GSE318937_44;;SIE;
GSE318937_GSM9506287;GSM9506287;GSE318937;Post;Jovem adulto;Placebo;Tecido Muscular;GSE318937_45;;SIE;
GSE318937_GSM9506288;GSM9506288;GSE318937;Pre;Jovem adulto;Oleuropeina;Tecido Muscular;GSE318937_46;;MICE;0
GSE318937_GSM9506289;GSM9506289;GSE318937;Pre;Jovem adulto;Oleuropeina;Tecido Muscular;GSE318937_47;;SIE;0
GSE318937_GSM9506290;GSM9506290;GSE318937;Post24h;Jovem adulto;Oleuropeina;Tecido Muscular;GSE318937_48;;MICE;1
GSE318937_GSM9506291;GSM9506291;GSE318937;Post;Jovem adulto;Oleuropeina;Tecido Muscular;GSE318937_49;;MICE;
GSE318937_GSM9506292;GSM9506292;GSE318937;Post;Jovem adulto;Oleuropeina;Tecido Muscular;GSE318937_50;;SIE;
GSE318937_GSM9506293;GSM9506293;GSE318937;Pre;Jovem adulto;Oleuropeina;Tecido Muscular;GSE318937_51;;MICE;0
GSE318937_GSM9506294;GSM9506294;GSE318937;Post;Jovem adulto;Placebo;Tecido Muscular;GSE318937_52;;SIE;
GSE318937_GSM9506295;GSM9506295;GSE318937;Pre;Jovem adulto;Placebo;Tecido Muscular;GSE318937_53;;MICE;0
GSE318937_GSM9506296;GSM9506296;GSE318937;Pre;Jovem adulto;Oleuropeina;Tecido Muscular;GSE318937_54;;MICE;0
GSE318937_GSM9506297;GSM9506297;GSE318937;Pre;Jovem adulto;Placebo;Tecido Muscular;GSE318937_55;;SIE;0
GSE318937_GSM9506298;GSM9506298;GSE318937;Post;Jovem adulto;Oleuropeina;Tecido Muscular;GSE318937_56;;SIE;
GSE318937_GSM9506299;GSM9506299;GSE318937;Post24h;Jovem adulto;Placebo;Tecido Muscular;GSE318937_57;;SIE;1
GSE318937_GSM9506300;GSM9506300;GSE318937;Post24h;Jovem adulto;Oleuropeina;Tecido Muscular;GSE318937_58;;MICE;1
GSE318937_GSM9506301;GSM9506301;GSE318937;Post;Jovem adulto;Placebo;Tecido Muscular;GSE318937_59;;MICE;
GSE318937_GSM9506302;GSM9506302;GSE318937;Post;Jovem adulto;Placebo;Tecido Muscular;GSE318937_60;;MICE;
GSE318937_GSM9506303;GSM9506303;GSE318937;Pre;Jovem adulto;Oleuropeina;Tecido Muscular;GSE318937_61;;SIE;0
GSE318937_GSM9506304;GSM9506304;GSE318937;Pre;Jovem adulto;Placebo;Tecido Muscular;GSE318937_62;;SIE;0
GSE318937_GSM9506305;GSM9506305;GSE318937;Post24h;Jovem adulto;Oleuropeina;Tecido Muscular;GSE318937_63;;MICE;1
GSE318937_GSM9506306;GSM9506306;GSE318937;Post;Jovem adulto;Oleuropeina;Tecido Muscular;GSE318937_64;;MICE;
GSE318937_GSM9506307;GSM9506307;GSE318937;Post24h;Jovem adulto;Placebo;Tecido Muscular;GSE318937_65;;SIE;1
GSE318937_GSM9506308;GSM9506308;GSE318937;Post24h;Jovem adulto;Oleuropeina;Tecido Muscular;GSE318937_66;;SIE;1
GSE318937_GSM9506309;GSM9506309;GSE318937;Post24h;Jovem adulto;Oleuropeina;Tecido Muscular;GSE318937_67;;SIE;1
GSE318937_GSM9506310;GSM9506310;GSE318937;Post;Jovem adulto;Placebo;Tecido Muscular;GSE318937_68;;SIE;
GSE318937_GSM9506311;GSM9506311;GSE318937;Post24h;Jovem adulto;Placebo;Tecido Muscular;GSE318937_69;;MICE;1
GSE318937_GSM9506312;GSM9506312;GSE318937;Pre;Jovem adulto;Oleuropeina;Tecido Muscular;GSE318937_70;;SIE;0
GSE318937_GSM9506313;GSM9506313;GSE318937;Post24h;Jovem adulto;Placebo;Tecido Muscular;GSE318937_71;;MICE;1
GSE318937_GSM9506314;GSM9506314;GSE318937;Pre;Jovem adulto;Oleuropeina;Tecido Muscular;GSE318937_72;;SIE;0
GSE318937_GSM9506315;GSM9506315;GSE318937;Post;Jovem adulto;Oleuropeina;Tecido Muscular;GSE318937_73;;MICE;
GSE318937_GSM9506316;GSM9506316;GSE318937;Pre;Jovem adulto;Placebo;Tecido Muscular;GSE318937_74;;SIE;0
GSE318937_GSM9506317;GSM9506317;GSE318937;Post24h;Jovem adulto;Placebo;Tecido Muscular;GSE318937_75;;SIE;1
GSE318937_GSM9506318;GSM9506318;GSE318937;Pre;Jovem adulto;Placebo;Tecido Muscular;GSE318937_76;;MICE;0
GSE318937_GSM9506319;GSM9506319;GSE318937;Post;Jovem adulto;Placebo;Tecido Muscular;GSE318937_77;;MICE;
GSE318937_GSM9506320;GSM9506320;GSE318937;Post;Jovem adulto;Oleuropeina;Tecido Muscular;GSE318937_78;;MICE;
GSE318937_GSM9506321;GSM9506321;GSE318937;Post24h;Jovem adulto;Placebo;Tecido Muscular;GSE318937_79;;MICE;1
GSE318937_GSM9506322;GSM9506322;GSE318937;Post;Jovem adulto;Oleuropeina;Tecido Muscular;GSE318937_80;;SIE;
GSE318937_GSM9506323;GSM9506323;GSE318937;Pre;Jovem adulto;Placebo;Tecido Muscular;GSE318937_81;;SIE;0
GSE318937_GSM9506324;GSM9506324;GSE318937;Pre;Jovem adulto;Oleuropeina;Tecido Muscular;GSE318937_82;;SIE;0
GSE318937_GSM9506325;GSM9506325;GSE318937;Post;Jovem adulto;Placebo;Tecido Muscular;GSE318937_83;;SIE;
GSE318937_GSM9506326;GSM9506326;GSE318937;Post24h;Jovem adulto;Oleuropeina;Tecido Muscular;GSE318937_84;;SIE;1
GSE318937_GSM9506327;GSM9506327;GSE318937;Post24h;Jovem adulto;Oleuropeina;Tecido Muscular;GSE318937_85;;SIE;1
GSE318937_GSM9506328;GSM9506328;GSE318937;Post;Jovem adulto;Placebo;Tecido Muscular;GSE318937_86;;MICE;
GSE318937_GSM9506329;GSM9506329;GSE318937;Post24h;Jovem adulto;Oleuropeina;Tecido Muscular;GSE318937_87;;MICE;1
GSE318937_GSM9506330;GSM9506330;GSE318937;Pre;Jovem adulto;Placebo;Tecido Muscular;GSE318937_88;;MICE;0
GSE318937_GSM9506331;GSM9506331;GSE318937;Post24h;Jovem adulto;Placebo;Tecido Muscular;GSE318937_89;;SIE;1
GSE318937_GSM9506332;GSM9506332;GSE318937;Post;Jovem adulto;Placebo;Tecido Muscular;GSE318937_90;;SIE;
GSE318937_GSM9506333;GSM9506333;GSE318937;Pre;Jovem adulto;Oleuropeina;Tecido Muscular;GSE318937_91;;MICE;0
GSE318937_GSM9506334;GSM9506334;GSE318937;Post;Jovem adulto;Oleuropeina;Tecido Muscular;GSE318937_92;;SIE;
GSE318937_GSM9506335;GSM9506335;GSE318937;Post24h;Jovem adulto;Placebo;Tecido Muscular;GSE318937_93;;MICE;1
GSE318937_GSM9506336;GSM9506336;GSE318937;Pre;Jovem adulto;Oleuropeina;Tecido Muscular;GSE318937_94;;MICE;0
GSE318937_GSM9506337;GSM9506337;GSE318937;Pre;Jovem adulto;Oleuropeina;Tecido Muscular;GSE318937_95;;SIE;0
GSE318937_GSM9506338;GSM9506338;GSE318937;Post24h;Jovem adulto;Oleuropeina;Tecido Muscular;GSE318937_96;;MICE;1
GSE318937_GSM9506339;GSM9506339;GSE318937;Post24h;Jovem adulto;Placebo;Tecido Muscular;GSE318937_97;;SIE;1
GSE318937_GSM9506340;GSM9506340;GSE318937;Post24h;Jovem adulto;Oleuropeina;Tecido Muscular;GSE318937_98;;SIE;1
GSE318937_GSM9506341;GSM9506341;GSE318937;Post;Jovem adulto;Placebo;Tecido Muscular;GSE318937_99;;SIE;
GSE318937_GSM9506342;GSM9506342;GSE318937;Post24h;Jovem adulto;Oleuropeina;Tecido Muscular;GSE318937_100;;SIE;1
GSE318937_GSM9506343;GSM9506343;GSE318937;Pre;Jovem adulto;Placebo;Tecido Muscular;GSE318937_101;;SIE;0
GSE318937_GSM9506344;GSM9506344;GSE318937;Pre;Jovem adulto;Oleuropeina;Tecido Muscular;GSE318937_102;;SIE;0
GSE318937_GSM9506345;GSM9506345;GSE318937;Post24h;Jovem adulto;Placebo;Tecido Muscular;GSE318937_103;;MICE;1
GSE318937_GSM9506346;GSM9506346;GSE318937;Post;Jovem adulto;Oleuropeina;Tecido Muscular;GSE318937_104;;MICE;
GSE318937_GSM9506347;GSM9506347;GSE318937;Post24h;Jovem adulto;Placebo;Tecido Muscular;GSE318937_105;;SIE;1
GSE318937_GSM9506348;GSM9506348;GSE318937;Post;Jovem adulto;Placebo;Tecido Muscular;GSE318937_106;;MICE;
GSE318937_GSM9506349;GSM9506349;GSE318937;Post;Jovem adulto;Placebo;Tecido Muscular;GSE318937_107;;SIE;
GSE318937_GSM9506350;GSM9506350;GSE318937;Post24h;Jovem adulto;Oleuropeina;Tecido Muscular;GSE318937_108;;MICE;1
GSE318937_GSM9506351;GSM9506351;GSE318937;Pre;Jovem adulto;Placebo;Tecido Muscular;GSE318937_109;;SIE;0
GSE318937_GSM9506352;GSM9506352;GSE318937;Post;Jovem adulto;Oleuropeina;Tecido Muscular;GSE318937_110;;SIE;
GSE318937_GSM9506353;GSM9506353;GSE318937;Post;Jovem adulto;Oleuropeina;Tecido Muscular;GSE318937_111;;SIE;
GSE318937_GSM9506354;GSM9506354;GSE318937;Post24h;Jovem adulto;Placebo;Tecido Muscular;GSE318937_112;;MICE;1
GSE318937_GSM9506355;GSM9506355;GSE318937;Pre;Jovem adulto;Placebo;Tecido Muscular;GSE318937_113;;MICE;0
GSE318937_GSM9506356;GSM9506356;GSE318937;Pre;Jovem adulto;Oleuropeina;Tecido Muscular;GSE318937_114;;MICE;0
GSE318937_GSM9506357;GSM9506357;GSE318937;Pre;Jovem adulto;Placebo;Tecido Muscular;GSE318937_115;;MICE;0
GSE318937_GSM9506358;GSM9506358;GSE318937;Post;Jovem adulto;Oleuropeina;Tecido Muscular;GSE318937_116;;MICE;
GSE318937_GSM9506359;GSM9506359;GSE318937;Post24h;Jovem adulto;Oleuropeina;Tecido Muscular;GSE318937_117;;MICE;1
GSE318937_GSM9506360;GSM9506360;GSE318937;Post;Jovem adulto;Placebo;Tecido Muscular;GSE318937_118;;MICE;
GSE318937_GSM9506361;GSM9506361;GSE318937;Pre;Jovem adulto;Oleuropeina;Tecido Muscular;GSE318937_119;;MICE;0
